,index_group1,SNP,REF(0),ALT(1),Genotyped,ALT_Frq_group1,MAF_group1,Rsq_group1,index_group2,ALT_Frq_group2,MAF_group2,Rsq_group2,index_group3,ALT_Frq_group3,MAF_group3,Rsq_group3,pos,Rsq_group1_adj,MAF_group1_adj,ALT_Frq_group1_adj,Rsq_group1_weight_adj,Rsq_group2_adj,MAF_group2_adj,ALT_Frq_group2_adj,Rsq_group2_weight_adj,Rsq_group3_adj,MAF_group3_adj,ALT_Frq_group3_adj,Rsq_group3_weight_adj,ALT_Frq_combined,MAF_combined,Rsq_group1_cap_adj,Rsq_group1_z_trans,Rsq_group1_z_trans_weight_adj,Rsq_group2_cap_adj,Rsq_group2_z_trans,Rsq_group2_z_trans_weight_adj,Rsq_group3_cap_adj,Rsq_group3_z_trans,Rsq_group3_z_trans_weight_adj,R_z_trans_combined,Rsq_combined,var_of_z_trans_r
0,0.0,chr21:10000931:T:G,T,G,IMPUTED,2e-05,2e-05,0.67313,0.0,2e-05,2e-05,0.43826,1.0,4e-05,4e-05,0.4607,10000931,6.7313,0.0002,0.0002,10.0,8.7652,0.0004,0.0004,20.0,6.9105,0.0006000000000000001,0.0006000000000000001,15.0,2.666666666666667e-05,2.666666666666667e-05,0.67313,1.1581773476813044,11.581773476813044,0.43826,0.7963870522490031,15.927741044980062,0.4607,0.8267904215371042,12.401856323056563,0.8869193521077705,0.5039137192965569,0.04027231292539369
1,1.0,chr21:10001985:C:T,C,T,IMPUTED,2e-05,2e-05,0.22249,,,,,3.0,1e-05,1e-05,0.18849,10001985,2.2249,0.0002,0.0002,10.0,,,,,2.82735,0.00015000000000000001,0.00015000000000000001,15.0,1.4000000000000001e-05,1.4000000000000001e-05,0.22249,0.5122397381478782,5.122397381478781,,,,0.18849,0.4650046572926124,6.975069859389186,0.4838986896347187,0.20192486099626197,0.0011155764317017456
2,2.0,chr21:10003811:A:T,A,T,IMPUTED,1e-05,1e-05,0.1998,,,,,,,,,10003811,1.998,0.0001,0.0001,10.0,,,,,,,,,1e-05,1e-05,0.1998,0.4809322815947219,4.809322815947219,,,,,,,0.4809322815947219,0.19979999999999995,
3,3.0,chr21:10005485:A:G,A,G,IMPUTED,3e-05,3e-05,0.51853,,,,,6.0,4e-05,4e-05,0.63935,10005485,5.185300000000001,0.00030000000000000003,0.00030000000000000003,10.0,,,,,9.59025,0.0006000000000000001,0.0006000000000000001,15.0,3.6e-05,3.6e-05,0.51853,0.9078324507285657,9.078324507285657,,,,0.63935,1.0974845476537851,16.462268214806777,1.0216237088836975,0.5937119428561587,0.017983958934066416
4,4.0,chr21:10006274:G:T,G,T,IMPUTED,2e-05,2e-05,0.21087,,,,,9.0,1e-05,1e-05,0.15428,10006274,2.1087,0.0002,0.0002,9.999999999999998,,,,,2.3142,0.00015000000000000001,0.00015000000000000001,15.0,1.4000000000000001e-05,1.4000000000000001e-05,0.21087,0.4963044430099564,4.963044430099564,,,,0.15428,0.4150887600661201,6.226331400991802,0.4475750332436546,0.17631906862205027,0.0032979935780168713
5,5.0,chr21:10007361:A:C,A,C,IMPUTED,1e-05,1e-05,0.2244,,,,,,,,,10007361,2.2439999999999998,0.0001,0.0001,10.0,,,,,,,,,1e-05,1e-05,0.2244,0.5148413749112937,5.148413749112937,,,,,,,0.5148413749112937,0.22439999999999993,
6,6.0,chr21:10008870:G:A,G,A,IMPUTED,3e-05,3e-05,0.54346,,,,,,,,,10008870,5.4346000000000005,0.00030000000000000003,0.00030000000000000003,10.0,,,,,,,,,3.0000000000000004e-05,3.0000000000000004e-05,0.54346,0.9443126022351174,9.443126022351173,,,,,,,0.9443126022351173,0.5434599999999999,
7,7.0,chr21:10010048:G:C,G,C,IMPUTED,3e-05,3e-05,0.17001,8.0,2e-05,2e-05,0.17476,,,,,10010048,1.7001,0.00030000000000000003,0.00030000000000000003,10.0,3.4952,0.0004,0.0004,20.0,,,,,2.3333333333333336e-05,2.3333333333333336e-05,0.17001,0.43840645959244595,4.3840645959244595,0.17476,0.44531830728180727,8.906366145636145,,,,0.44301435805202016,0.17317243241680955,2.3886819240464687e-05
8,8.0,chr21:10010075:GC:G,GC,G,IMPUTED,0.01152,0.01152,0.3986,9.0,0.01194,0.01194,0.41035,,,,,10010075,3.986,0.11520000000000001,0.11520000000000001,10.0,8.207,0.23879999999999998,0.23879999999999998,20.000000000000004,,,,,0.011799999999999998,0.011799999999999998,0.3986,0.7436540268940249,7.4365402689402496,0.41035,0.7591663628722475,15.18332725744495,,,,0.7539955842128399,0.40644018427440376,0.00012031628375062883
9,9.0,chr21:10010116:AC:A,AC,A,IMPUTED,0.00012,0.00012,0.43195,10.0,0.00012,0.00012,0.49074,,,,,10010116,4.3195,0.0012000000000000001,0.0012000000000000001,10.0,9.8148,0.0024000000000000002,0.0024000000000000002,20.0,,,,,0.00012000000000000002,0.00012000000000000002,0.43195,0.7879198675258129,7.879198675258129,0.49074,0.8683373035138279,17.36674607027656,,,,0.8415314915178229,0.47144618587196396,0.0032334820054432437
10,10.0,chr21:10010151:T:C,T,C,IMPUTED,3e-05,3e-05,0.46103,,,,,,,,,10010151,4.6103,0.00030000000000000003,0.00030000000000000003,10.0,,,,,,,,,3.0000000000000004e-05,3.0000000000000004e-05,0.46103,0.8272412377917077,8.272412377917076,,,,,,,0.8272412377917077,0.46103,
11,,chr21:10001844:A:G,A,G,IMPUTED,,,,1.0,1e-05,1e-05,0.25507,2.0,2e-05,2e-05,0.65686,10001844,,,,,5.1014,0.0002,0.0002,20.0,9.8529,0.00030000000000000003,0.00030000000000000003,15.0,1.4285714285714285e-05,1.4285714285714285e-05,,,,0.25507,0.5560550131204902,11.121100262409804,0.65686,1.1283943036617936,16.925914554926905,0.8013432804953345,0.4419418463949415,0.16378613174866125
12,,chr21:10002253:G:A,G,A,IMPUTED,,,,2.0,2e-05,2e-05,0.40121,,,,,10002253,,,,,8.0242,0.0004,0.0004,20.0,,,,,2e-05,2e-05,,,,0.40121,0.7470928737487322,14.941857474974645,,,,0.7470928737487322,0.40121000000000007,
13,,chr21:10005151:T:C,T,C,IMPUTED,,,,3.0,4e-05,4e-05,0.46219,5.0,6e-05,6e-05,0.63545,10005151,,,,,9.2438,0.0008,0.0008,20.0,9.531749999999999,0.0009,0.0009,15.0,4.8571428571428576e-05,4.8571428571428576e-05,,,,0.46219,0.8288268375111432,16.576536750222864,0.63545,1.090748513414008,16.36122770121012,0.9410789843266567,0.541280382857588,0.03430148215388269
14,,chr21:10005847:T:C,T,C,IMPUTED,,,,4.0,2e-05,2e-05,0.60061,8.0,5e-05,5e-05,0.6746,10005847,,,,,12.0122,0.0004,0.0004,20.0,10.119,0.00075,0.00075,15.0,3.285714285714286e-05,3.285714285714286e-05,,,,0.60061,1.0327034187463346,20.654068374926695,0.6746,1.1609227380278542,17.413841070417813,1.0876545555812718,0.6336486208797381,0.008220096918508123
15,,chr21:10008180:G:C,G,C,IMPUTED,,,,5.0,2e-05,2e-05,0.66153,,,,,10008180,,,,,13.230599999999999,0.0004,0.0004,20.0,,,,,2e-05,2e-05,,,,0.66153,1.1368330842469585,22.736661684939172,,,,1.1368330842469585,0.6615299999999998,
16,,chr21:10009646:T:C,T,C,IMPUTED,,,,6.0,2e-05,2e-05,0.11096,,,,,10009646,,,,,2.2192,0.0004,0.0004,19.999999999999996,,,,,2.0000000000000005e-05,2.0000000000000005e-05,,,,0.11096,0.3463185252033425,6.92637050406685,,,,0.34631852520334255,0.11095999999999999,
17,,chr21:10009814:T:TTA,T,TTA,IMPUTED,,,,7.0,4e-05,4e-05,0.70941,,,,,10009814,,,,,14.1882,0.0008,0.0008,20.0,,,,,4e-05,4e-05,,,,0.70941,1.228916656440188,24.578333128803763,,,,1.228916656440188,0.70941,
18,,chr21:10000777:C:A,C,A,IMPUTED,,,,,,,,0.0,3e-05,3e-05,0.4484,10000777,,,,,,,,,6.726,0.00045,0.00045,15.0,3e-05,3e-05,,,,,,,0.4484,0.8100661719999697,12.150992579999546,0.8100661719999697,0.4484,
19,,chr21:10002966:G:A,G,A,IMPUTED,,,,,,,,4.0,2e-05,2e-05,0.11343,10002966,,,,,,,,,1.7014500000000001,0.00030000000000000003,0.00030000000000000003,15.0,2e-05,2e-05,,,,,,,0.11343,0.35047158677100476,5.257073801565071,0.35047158677100476,0.11342999999999998,
20,,chr21:10005580:A:T,A,T,IMPUTED,,,,,,,,7.0,1e-05,1e-05,0.18546,10005580,,,,,,,,,2.7819000000000003,0.00015000000000000001,0.00015000000000000001,15.0,1e-05,1e-05,,,,,,,0.18546,0.4606952262494066,6.9104283937411,0.4606952262494067,0.18546000000000007,
21,,chr21:10007520:G:T,G,T,IMPUTED,,,,,,,,10.0,2e-05,2e-05,0.81556,10007520,,,,,,,,,12.2334,0.00030000000000000003,0.00030000000000000003,15.0,2e-05,2e-05,,,,,,,0.81556,1.4886910571265253,22.330365856897878,1.4886910571265253,0.81556,
